{"cameraMode":{"drawMode":0,"name":"Shaded","section":"Shading Mode"},"sceneLighting":false,"audioPlay":false,"sceneViewState":{"m_AlwaysRefresh":false,"showFog":true,"showSkybox":false,"showFlares":true,"showImageEffects":true,"showParticleSystems":true,"showVisualEffectGraphs":true,"m_FxEnabled":true},"in2DMode":false,"pivot":{"x":-0.37168264389038088,"y":-0.21706938743591309,"z":0.014804244041442871},"rotation":{"x":-0.36760613322257998,"y":0.28484228253364565,"z":-0.11818548291921616,"w":-0.8776941299438477},"size":3.024744749069214,"orthographic":false}